Название,Класснейм
Шлема,
Шлем Берилл,SFM_BerilHelmet_Stalker
Шлем Берилл,SFM_BerilHelmet_Svoboda1
Шлем Берилл,SFM_BerilHelmet_Voen1
Шлем Булат,SFM_BulatHelmet
Шлем Булат,SFM_BulatHelmet_Dolg1
Шлем Булат,SFM_BulatHelmet_Voen1
Шолом Берил,up_beryl_helmet_dark
Шолом Берил,up_beryl_helmet_freedom
Шолом Берил,up_beryl_helmet_mm14
Шолом Берил,up_beryl_helmet_sop
Шолом Берил,up_beryl_helmet_stalker
Шолом ЧН-3б,up_clearsky_ch2_helmet_BrownCamo
Шолом ЧН-3б,up_clearsky_ch2_helmet_DarkBlue
Шолом ЧН-3б,up_clearsky_ch2_helmet_GreenCamo1
Шолом ЧН-3б,up_clearsky_ch2_helmet_GreenCamo2
Шолом ЧН-3б,up_clearsky_ch2_helmet_dark
Шолом ЧН-3б,up_clearsky_ch2_helmet_green
Шолом ЧН-3а,up_clearsky_ch3_helmet_BrownCamo
Шолом ЧН-3а,up_clearsky_ch3_helmet_Darkblue
Шолом ЧН-3а,up_clearsky_ch3_helmet_Green
Шолом ЧН-3а,up_clearsky_ch3_helmet_GreenCamo1
Шолом ЧН-3а,up_clearsky_ch3_helmet_GreenCamo2
Шолом ЧН-3а,up_clearsky_ch3_helmet_Grey
Шолом ЧН-3а,up_clearsky_ch3_helmet_brown
Шолом ЧН-3а,up_clearsky_ch3_helmet_clearsky
Шолом ВБ,up_exo_helmet_bandit
Шолом ВБ,up_exo_helmet_brown
Шолом ВБ,up_exo_helmet_clearsky
Шолом ВБ,up_exo_helmet_dark
Шолом ВБ,up_exo_helmet_duty
Шолом ВБ,up_exo_helmet_freedom
Шолом ВБ,up_exo_helmet_green
Шолом ВБ,up_exo_helmet_green_brown
Шолом ВБ,up_exo_helmet_grey
Шолом ВБ,up_exo_helmet_mercenary
Шолом ВБ,up_exo_helmet_military
Шолом ВБ,up_exo_helmet_monolit
,
,
,
,
,
,
,
,
,
,
,
,
,
,
,
,
,
,
,
,
,
,
,
,
,
,
,
,
,
,
,
,
,
,
,
,
Шапки,
,
Маски,
,
Очки,
,
Куртки,
Кожаная куртка,SFM_BanditJacket1_Black
Кожаная куртка,SFM_BanditJacket1_Grey
Кожаная куртка,SFM_BanditJacket1_White
Кожаная куртка,SFM_BanditJacket2_Black
Кожаная куртка,SFM_BanditJacket2_Grey
Кожаная куртка,SFM_BanditJacket2_White
Плащ,SFM_BanditCoat2_Black
Плащ,SFM_BanditCoat2_Grey
Плащ,SFM_BanditCoat2_Red
Плащ,SFM_BanditCoat2_Tan
Плащ,SFM_BanditCoat3_Black
Плащ,SFM_BanditCoat3_Grey
Плащ,SFM_BanditCoat3_Red
Плащ,SFM_BanditCoat3_Tan
Плащ,SFM_BanditCoat_Black
Плащ,SFM_BanditCoat_Grey
Плащ,SFM_BanditCoat_Red
Плащ,SFM_BanditCoat_Tan
Куртка Берилл,SFM_BerilJacket_Dolg1
Куртка Берилл,SFM_BerilJacket_Monolit1
Куртка Берилл,SFM_BerilJacket_Monolit2
Куртка Берилл,SFM_BerilJacket_Svoboda1
Куртка Берилл,SFM_BerilJacket_Voen1
Куртка Новичка,SFM_LonerJacket1
Куртка Новичка,SFM_LonerJacket2
Куртка Новичка,SFM_LonerJacket3
Куртка Новичка,SFM_LonerJacket4
Куртка Новичка,SFM_LonerJacket5
Куртка Новичка,SFM_LonerJacket6
Куртка Новичка,SFM_LonerJacket7
Куртка Новичка,SFM_LonerJacket8
Куртка Коготь,SFM_MercJacket
Куртка Коготь,SFM_MercJacket_Brown
Куртка Коготь,SFM_MercJacket_NoSlots
Куртка Коготь,SFM_MercJacket_bandit
Куртка Коготь,SFM_MercJacket_black
Куртка Коготь,SFM_MercJacket_clear
Куртка Коготь,SFM_MercJacket_dolg
Куртка Коготь,SFM_MercJacket_free
Куртка Коготь,SFM_MercJacket_green
Куртка Коготь,SFM_MercJacket_green2
Куртка Коготь,SFM_MercJacket_neutral
Куртка Коготь,SFM_MercJacket_red
Куртка Коготь,SFM_MercJacket_tan
Novice Jacket,SFM_NoviceJacket_Black
Novice Jacket,SFM_NoviceJacket_Black2
Novice Jacket,SFM_NoviceJacket_Black2_open
Novice Jacket,SFM_NoviceJacket_Black3
Novice Jacket,SFM_NoviceJacket_Black3_open
Novice Jacket,SFM_NoviceJacket_Black4
Novice Jacket,SFM_NoviceJacket_Black4_open
Novice Jacket,SFM_NoviceJacket_Black_open
Novice Jacket,SFM_NoviceJacket_Brown
Novice Jacket,SFM_NoviceJacket_Brown_open
Novice Jacket,SFM_NoviceJacket_CellRed
Novice Jacket,SFM_NoviceJacket_CellRed_open
Novice Jacket,SFM_NoviceJacket_CellWhite
Novice Jacket,SFM_NoviceJacket_CellWhite_open
Novice Jacket,SFM_NoviceJacket_Gray
Novice Jacket,SFM_NoviceJacket_Gray_open
Novice Jacket,SFM_NoviceJacket_Norfin_Blackred
Novice Jacket,SFM_NoviceJacket_Norfin_Blackred_open
Novice Jacket,SFM_NoviceJacket_Tan
Novice Jacket,SFM_NoviceJacket_Tan_open
Novice Jacket,SFM_NoviceJacket_legend
Novice Jacket,SFM_NoviceJacket_legend_open
Куртка комбинезона Ветер Свободы,SFM_WFJacket_Monolit1
Куртка комбинезона Ветер Свободы,SFM_WFJacket_Monolit2
Куртка комбинезона Ветер Свободы,SFM_WFJacket_Naem1
Куртка комбинезона Ветер Свободы,SFM_WFJacket_Naem2
Куртка комбинезона Ветер Свободы,SFM_WFJacket_Stalker1
Куртка комбинезона Ветер Свободы,SFM_WFJacket_Svoboda1
Зимняя куртка,SFM_WinterJacket_1
Зимняя куртка,SFM_WinterJacket_2
Зимняя куртка,SFM_WinterJacket_3
Зимняя куртка,SFM_WinterJacket_4
Зимняя куртка,SFM_WinterJacket_CS1
Зимняя куртка,SFM_WinterJacket_Monolit1
Зимняя куртка,SFM_WinterJacket_Naem1
Зимняя куртка,SFM_WinterJacket_Neitral1
Зимняя куртка,SFM_WinterJacket_Svoboda1
Зимняя куртка,SFM_WinterJacket_Voen1
Зимняя куртка,SFM_WinterJacket_air
Куртка комбинезона Весна,SFM_vesna_Hoodie_Legend
Куртка комбинезона Весна,SFM_vesna_Hoodie_Stalker
Куртка комплекта БНДТ-21 (Боря-Натаха-Дiмон-Танюха),up_bandit_sas_jacket_blue
Куртка комплекта БНДТ-21 (Боря-Натаха-Дiмон-Танюха),up_bandit_sas_jacket_blue_camo
Куртка комплекта БНДТ-21 (Боря-Натаха-Дiмон-Танюха),up_bandit_sas_jacket_brown
Куртка комплекта БНДТ-21 (Боря-Натаха-Дiмон-Танюха),up_bandit_sas_jacket_dark
Куртка комплекта БНДТ-21 (Боря-Натаха-Дiмон-Танюха),up_bandit_sas_jacket_green
Куртка комплекта БНДТ-21 (Боря-Натаха-Дiмон-Танюха),up_bandit_sas_jacket_grey
Куртка комплекта «Берил»,up_beryl_jacket_1_bandit
Куртка комплекта «Берил»,up_beryl_jacket_1_dark
Куртка комплекта «Берил»,up_beryl_jacket_1_freedom
Куртка комплекта «Берил»,up_beryl_jacket_1_grey
Куртка комплекта «Берил»,up_beryl_jacket_1_greypixel
Куртка комплекта «Берил»,up_beryl_jacket_1_mm14
Куртка комплекта «Берил»,up_beryl_jacket_1_sop
Куртка комплекта «Берил»,up_beryl_jacket_1_stalker
Куртка комплекта «Берил»,up_beryl_jacket_2_dark
Куртка комплекта «Берил»,up_beryl_jacket_2_freedom
Куртка комплекта «Берил»,up_beryl_jacket_2_mm14
Куртка комплекта «Берил»,up_beryl_jacket_2_sop
Куртка комплекта «Берил»,up_beryl_jacket_2_stalker
Куртка комплекта ЧН-1,up_clearsky_ch1_top_brown
Куртка комплекта ЧН-1,up_clearsky_ch1_top_camo1
Куртка комплекта ЧН-1,up_clearsky_ch1_top_camo2
Куртка комплекта ЧН-1,up_clearsky_ch1_top_cs1
Куртка комплекта ЧН-1,up_clearsky_ch1_top_dark
Куртка комплекта ЧН-1,up_clearsky_ch1_top_grey
Куртка комплекта ЧН-3б,up_clearsky_ch2_top_BrownCamo
Куртка комплекта ЧН-3б,up_clearsky_ch2_top_ClearSky
Куртка комплекта ЧН-3б,up_clearsky_ch2_top_DarkBlue
Куртка комплекта ЧН-3б,up_clearsky_ch2_top_GreenCamo1
Куртка комплекта ЧН-3б,up_clearsky_ch2_top_GreenCamo2
Куртка комплекта ЧН-3б,up_clearsky_ch2_top_Grey
Куртка комплекта ЧН-3б,up_clearsky_ch2_top_brown
Куртка комплекта ЧН-3б,up_clearsky_ch2_top_dark
Куртка комплекта ЧН-3б,up_clearsky_ch2_top_green
Куртка комплекта ЧН-3а,up_clearsky_ch3_top_ClearSky
Куртка комплекта ЧН-3а,up_clearsky_ch3_top_Dark
Куртка комплекта ЧН-3а,up_clearsky_ch3_top_Darkblue
Куртка комплекта ЧН-3а,up_clearsky_ch3_top_Green
Куртка комплекта ЧН-3а,up_clearsky_ch3_top_GreenCamo1
Куртка комплекта ЧН-3а,up_clearsky_ch3_top_GreenCamo2
Куртка комплекта ЧН-3а,up_clearsky_ch3_top_Grey
Куртка комплекта ЧН-3а,up_clearsky_ch3_top_brown
Куртка комплекта ВБ,up_exo_jacket_bandit
Куртка комплекта ВБ,up_exo_jacket_brown
Куртка комплекта ВБ,up_exo_jacket_clearsky
Куртка комплекта ВБ,up_exo_jacket_dark
Куртка комплекта ВБ,up_exo_jacket_duty
Куртка комплекта ВБ,up_exo_jacket_freedom
Куртка комплекта ВБ,up_exo_jacket_green
Куртка комплекта ВБ,up_exo_jacket_green_brown
Куртка комплекта ВБ,up_exo_jacket_grey
Куртка комплекта ВБ,up_exo_jacket_mercenary
Куртка комплекта ВБ,up_exo_jacket_military
Куртка комплекта ВБ,up_exo_jacket_monolit
Куртка комплекта «Новачка»,up_novace_jacket1_bandit
Куртка комплекта «Новачка»,up_novace_jacket1_brown
Куртка комплекта «Новачка»,up_novace_jacket1_browndark
Куртка комплекта «Новачка»,up_novace_jacket1_clearsky
Куртка комплекта «Новачка»,up_novace_jacket1_dark
Куртка комплекта «Новачка»,up_novace_jacket1_duty
Куртка комплекта «Новачка»,up_novace_jacket1_freedom
Куртка комплекта «Новачка»,up_novace_jacket1_green
Куртка комплекта «Новачка»,up_novace_jacket1_greendark
Куртка комплекта «Новачка»,up_novace_jacket1_grey
Куртка комплекта «Новачка»,up_novace_jacket1_monolit
Куртка комплекта «Новачка»,up_novace_jacket_bandit
Куртка комплекта «Новачка»,up_novace_jacket_brown
Куртка комплекта «Новачка»,up_novace_jacket_browndark
Куртка комплекта «Новачка»,up_novace_jacket_clearsky
Куртка комплекта «Новачка»,up_novace_jacket_dark
Куртка комплекта «Новачка»,up_novace_jacket_duty
Куртка комплекта «Новачка»,up_novace_jacket_freedom
Куртка комплекта «Новачка»,up_novace_jacket_green
Куртка комплекта «Новачка»,up_novace_jacket_greendark
Куртка комплекта «Новачка»,up_novace_jacket_grey
Куртка комплекта «Новачка»,up_novace_jacket_monolit
Куртка комплекта Нюхач,up_nyhach_top_blue
Куртка комплекта Нюхач,up_nyhach_top_brown
Куртка комплекта Нюхач,up_nyhach_top_dark
Куртка комплекта Нюхач,up_nyhach_top_duty
Куртка комплекта Нюхач,up_nyhach_top_freedom
Куртка комплекта Нюхач,up_nyhach_top_green
Куртка комплекта «ПСМ»,up_psm_jacket_dark
Куртка комплекта «ПСМ»,up_psm_jacket_duty
Куртка комплекта «ПСМ»,up_psm_jacket_freedom
Куртка комплекта «ПСМ»,up_psm_jacket_green
Куртка комплекта «ПСМ»,up_psm_jacket_monolit
Куртка комплекта «ПСМ»,up_psm_jacket_stalker
Куртка комплекта Зозуля 1-С,up_recruter_jacket_bandit
Куртка комплекта Зозуля 1-С,up_recruter_jacket_brown
Куртка комплекта Зозуля 1-С,up_recruter_jacket_camo
Куртка комплекта Зозуля 1-С,up_recruter_jacket_clearsky
Куртка комплекта Зозуля 1-С,up_recruter_jacket_dark
Куртка комплекта Зозуля 1-С,up_recruter_jacket_duty
Куртка комплекта Зозуля 1-С,up_recruter_jacket_freedom
Куртка комплекта Зозуля 1-С,up_recruter_jacket_green
Куртка комплекта Зозуля 1-С,up_recruter_jacket_greendark
Куртка комплекта Зозуля 1-С,up_recruter_jacket_grey
Куртка комплекта Зозуля 1-С,up_recruter_jacket_greybrown
Куртка комплекта Зозуля 1-С,up_recruter_jacket_mercenary
Куртка комплекта Зозуля 1-С,up_recruter_jacket_monolit
Куртка комплекта Зозуля 1-С,up_recruter_jacket_science
Куртка комплекта СЕВА,up_seva_jacket_bandit
Куртка комплекта СЕВА,up_seva_jacket_brown
Куртка комплекта СЕВА,up_seva_jacket_browndark
Куртка комплекта СЕВА,up_seva_jacket_camo
Куртка комплекта СЕВА,up_seva_jacket_clearsky
Куртка комплекта СЕВА,up_seva_jacket_dark
Куртка комплекта СЕВА,up_seva_jacket_duty
Куртка комплекта СЕВА,up_seva_jacket_freedom
Куртка комплекта СЕВА,up_seva_jacket_green
Куртка комплекта СЕВА,up_seva_jacket_greendark
Куртка комплекта СЕВА,up_seva_jacket_grey
Куртка комплекта СЕВА,up_seva_jacket_mercenary
Куртка комплекта СЕВА,up_seva_jacket_monolit
Куртка комплекта СЕВА,up_seva_jacket_science
Куртка комплекта «Булат»,up_sop_bulat_jacket
Куртка комплекта «Булат»,up_sop_bulat_jacket_dark
Куртка комплекта «Булат»,up_sop_bulat_jacket_duty
Куртка комплекта «Булат»,up_sop_bulat_jacket_mm14
Куртка ССП,up_ssp_jacket_blue
Куртка ССП,up_ssp_jacket_green
Куртка ССП,up_ssp_jacket_orange
Куртка ССП,up_ssp_jacket_white
Куртка комплекта «КС»,up_stalker_cs_Jacket_dark
Куртка комплекта «КС»,up_stalker_cs_Jacket_green
Куртка комплекта «КС»,up_stalker_cs_Jacket_green_brown_camo
Куртка комплекта «КС»,up_stalker_cs_Jacket_green_white_camo
Куртка комплекта «КС»,up_stalker_cs_Jacket_yellow
Куртка комплекта Схiд,up_stalker_east_top_1_blue
Куртка комплекта Схiд,up_stalker_east_top_1_brown
Куртка комплекта Схiд,up_stalker_east_top_1_camo1
Куртка комплекта Схiд,up_stalker_east_top_1_camo2
Куртка комплекта Схiд,up_stalker_east_top_1_dark
Куртка комплекта Схiд,up_stalker_east_top_1_dark_camo
Куртка комплекта Схiд,up_stalker_east_top_1_green
Куртка комплекта Схiд,up_stalker_east_top_1_green_camo
Куртка комплекта Схiд,up_stalker_east_top_1_green_dark
Куртка комплекта Схiд,up_stalker_east_top_1_grey
Шкiряна куртка,up_stalker_novise_jacket_brown
Шкiряна куртка,up_stalker_novise_jacket_dark
Шкiряна куртка,up_stalker_novise_jacket_green
Шкiряна куртка,up_stalker_novise_jacket_grey
Куртка комплекта Зоря,up_stalker_zorya_top_2_bandit
Куртка комплекта Зоря,up_stalker_zorya_top_2_blue
Куртка комплекта Зоря,up_stalker_zorya_top_2_brown
Куртка комплекта Зоря,up_stalker_zorya_top_2_camo_brown
Куртка комплекта Зоря,up_stalker_zorya_top_2_camo_green
Куртка комплекта Зоря,up_stalker_zorya_top_2_dark
Куртка комплекта Зоря,up_stalker_zorya_top_2_green
Куртка комплекта Зоря,up_stalker_zorya_top_2_grey
Куртка комплекта Зоря,up_stalker_zorya_top_2_military
Куртка комплекта «УКС»,up_univercalset_jacket_ClearSky
Куртка комплекта «УКС»,up_univercalset_jacket_GreenDark
Куртка комплекта «УКС»,up_univercalset_jacket_GreyBrown
Куртка комплекта «УКС»,up_univercalset_jacket_bandit
Куртка комплекта «УКС»,up_univercalset_jacket_dark
Куртка комплекта «УКС»,up_univercalset_jacket_duty
Куртка комплекта «УКС»,up_univercalset_jacket_freedom
Куртка комплекта «УКС»,up_univercalset_jacket_freedom2
Куртка комплекта «УКС»,up_univercalset_jacket_green
Куртка комплекта «УКС»,up_univercalset_jacket_grey
Куртка комплекта «УКС»,up_univercalset_jacket_mercenary
Куртка комплекта «УКС»,up_univercalset_jacket_monolit
Куртка комплекта «УКС»,up_univercalset_jacket_science
Коричневий Плащ,up_cloak_brown
Коричневий Плащ Майстра,up_cloak_brown_m
Чорний Плащ,up_cloak_dark
Чорний Плащ  Майстра,up_cloak_dark_m
Чорний Плащ,up_cloak_darkcamo
Чорний Плащ Майстра,up_cloak_darkcamo_m
Зелений Плащ,up_cloak_green
Зелений Плащ Майстра,up_cloak_green_m
Зелений Плащ,up_cloak_greencamo
Зелений Плащ Майстра,up_cloak_greencamo_m
Сірий Плащ,up_cloak_grey
Сірий Плащ Майстра,up_cloak_grey_m
Червоний Плащ,up_cloak_red
Червоний Плащ Майстра,up_cloak_red_m
Чорний Плащ,up_cloak_ruka_dark
Чорний Плащ,up_stalker_cloak_black
Плащ з тканини,up_stalker_cloak_cloth
Плащ з гуми,up_stalker_cloak_rubber
Шкіряний Плащ,up_stalker_cloak_skin
,
,
,
,
,
,
,
,
,
,
,
,
,
,
,
,
,
,
,
,
,
,
,
,
,
,
,
,
,
,
,
,
,
,
,
,
,
,
,
,
,
,
,
,
,
,
,
,
,
,
,
,
,
,
,
,
,
,
,
,
,
,
,
,
,
,
,
,
,
,
,
,
,
,
,
,
,
,
,
,
,
,
,
,
,
,
Бронежилеты / Разгрузки,
Berill_5M Vest Nonprotective,SFM_BerilVest_Stalker
Berill Vest,SFM_BerilVest_Svoboda1
Berill_5M Vest Nonprotective,SFM_BerilVest_Voen1
Бронежилет Булат,SFM_Bulat_Vest_Black
Бронежилет Булат,SFM_Bulat_Vest_Black_Heavy
Бронежилет Булат,SFM_Bulat_Vest_Dolg
Бронежилет Булат,SFM_Bulat_Vest_Dolg_Heavy
Бронежилет Ветер Свободы,SFM_WFVest_Green
Бронежилет комплекта БНДТ-21 (Боря-Натаха-Дiмон-Танюха) V2,up_bandit_sas_vest2_dark
Бронежилет комплекта БНДТ-21 (Боря-Натаха-Дiмон-Танюха) V2,up_bandit_sas_vest2_grey
Бронежилет комплекта БНДТ-21 (Боря-Натаха-Дiмон-Танюха) V2,up_bandit_sas_vest2_yellow_camo
Бронежилет комплекта БНДТ-21 (Боря-Натаха-Дiмон-Танюха),up_bandit_sas_vest_dark
Бронежилет комплекта БНДТ-21 (Боря-Натаха-Дiмон-Танюха),up_bandit_sas_vest_grey
Бронежилет комплекта БНДТ-21 (Боря-Натаха-Дiмон-Танюха),up_bandit_sas_vest_yellow_camo
Важкий бронежилет серiї Берил,up_beryl_vest_1_bandit
Важкий бронежилет серiї Берил,up_beryl_vest_1_dark
Важкий бронежилет серiї Берил,up_beryl_vest_1_freedom
Важкий бронежилет серiї Берил,up_beryl_vest_1_mm14
Важкий бронежилет серiї Берил,up_beryl_vest_1_sop
Важкий бронежилет серiї Берил,up_beryl_vest_1_stalker
Легкий бронежилет серiї Берил,up_beryl_vest_2_bandit
Легкий бронежилет серiї Берил,up_beryl_vest_2_dark
Легкий бронежилет серiї Берил,up_beryl_vest_2_freedom
Легкий бронежилет серiї Берил,up_beryl_vest_2_mm14
Легкий бронежилет серiї Берил,up_beryl_vest_2_sop
Легкий бронежилет серiї Берил,up_beryl_vest_2_stalker
Бронежилет ЧН-1,up_clearsky_ch1_vest_brown
Бронежилет ЧН-1,up_clearsky_ch1_vest_camo1
Бронежилет ЧН-1,up_clearsky_ch1_vest_camo2
Бронежилет ЧН-1,up_clearsky_ch1_vest_cs1
Бронежилет ЧН-1,up_clearsky_ch1_vest_dark
Бронежилет ЧН-1,up_clearsky_ch1_vest_grey
Бронежилет ЧН-3б,up_clearsky_ch2_vest_brown
Бронежилет ЧН-3б,up_clearsky_ch2_vest_dark
Бронежилет ЧН-3б,up_clearsky_ch2_vest_green
Бронежилет Нюхач,up_nyhach_vest_blue
Бронежилет Нюхач,up_nyhach_vest_brown
Бронежилет Нюхач,up_nyhach_vest_dark
Бронежилет Нюхач,up_nyhach_vest_duty
Бронежилет Нюхач,up_nyhach_vest_freedom
Бронежилет Нюхач,up_nyhach_vest_green
Важкий бронежилет серiї ПСМ,up_psm_vest_dark
Важкий бронежилет серiї ПСМ,up_psm_vest_duty
Важкий бронежилет серiї ПСМ,up_psm_vest_freedom
Важкий бронежилет серiї ПСМ,up_psm_vest_green
Важкий бронежилет серiї ПСМ,up_psm_vest_monolit
Важкий бронежилет серiї ПСМ,up_psm_vest_stalker
Важкий бронежилет серiї Булат,up_sop_bulat_vest
Важкий бронежилет серiї ПСЗ-12п Булат,up_sop_bulat_vest2
Важкий бронежилет серiї ПСЗ-12п Булат,up_sop_bulat_vest2_dark
Важкий бронежилет серiї Булат, 
Важкий бронежилет серiї Булат,up_sop_bulat_vest2_mm14
Важкий бронежилет серiї Булат,up_sop_bulat_vest_dark
Важкий бронежилет серiї Булат,up_sop_bulat_vest_duty
Важкий бронежилет серiї Булат,up_sop_bulat_vest_mm14
Бронежилет Схiд,up_stalker_east_vest_1_blue
Бронежилет Схiд,up_stalker_east_vest_1_brown
Бронежилет Схiд,up_stalker_east_vest_1_camo1
Бронежилет Схiд,up_stalker_east_vest_1_camo2
Бронежилет Схiд,up_stalker_east_vest_1_dark
Бронежилет Схiд,up_stalker_east_vest_1_dark_camo
Бронежилет Схiд,up_stalker_east_vest_1_green
Бронежилет Схiд,up_stalker_east_vest_1_green_camo
Бронежилет Схiд,up_stalker_east_vest_1_green_dark
Бронежилет Схiд,up_stalker_east_vest_1_grey
Бронежилет Заря,up_stalker_zorya_vest_2_bandit
Бронежилет Заря,up_stalker_zorya_vest_2_blue
Бронежилет Заря,up_stalker_zorya_vest_2_brown
Бронежилет Заря,up_stalker_zorya_vest_2_camo_brown
Бронежилет Заря,up_stalker_zorya_vest_2_camo_green
Бронежилет Заря,up_stalker_zorya_vest_2_dark
Бронежилет Заря,up_stalker_zorya_vest_2_green
Бронежилет Заря,up_stalker_zorya_vest_2_grey
Бронежилет Заря,up_stalker_zorya_vest_2_military
Бронежилет серiї УКС,up_univercalset_vest_ClearSky
Бронежилет серiї УКС,up_univercalset_vest_dark
Бронежилет серiї УКС,up_univercalset_vest_duty
Бронежилет серiї УКС,up_univercalset_vest_freedom
Бронежилет серiї УКС,up_univercalset_vest_freedom2
Бронежилет серiї УКС,up_univercalset_vest_green
Бронежилет серiї УКС,up_univercalset_vest_grey
Бронежилет серiї УКС,up_univercalset_vest_monolit
Бронежилет серiї УКС,up_univercalset_vest_science
Бронежелет ВБ,up_exo_vest_bandit
Бронежелет ВБ,up_exo_vest_brown
Бронежелет ВБ,up_exo_vest_clearsky
Бронежелет ВБ,up_exo_vest_dark
Бронежелет ВБ,up_exo_vest_duty
Бронежелет ВБ,up_exo_vest_freedom
Бронежелет ВБ,up_exo_vest_green
Бронежелет ВБ,up_exo_vest_green_brown
Бронежелет ВБ,up_exo_vest_grey
Бронежелет ВБ,up_exo_vest_mercenary
Бронежелет ВБ,up_exo_vest_military
Бронежелет ВБ,up_exo_vest_monolit
Розвантажувальна система Зозуля 1-С,up_recruter_vest_brown
Розвантажувальна система Зозуля 1-С,up_recruter_vest_camo
Розвантажувальна система Зозуля 1-С,up_recruter_vest_clearsky
Розвантажувальна система Зозуля 1-С,up_recruter_vest_dark
Розвантажувальна система Зозуля 1-С,up_recruter_vest_duty
Розвантажувальна система Зозуля 1-С,up_recruter_vest_freedom
Розвантажувальна система Зозуля 1-С,up_recruter_vest_green
Розвантажувальна система Зозуля 1-С,up_recruter_vest_greendark
Розвантажувальна система Зозуля 1-С,up_recruter_vest_grey
Розвантажувальна система Зозуля 1-С,up_recruter_vest_greybrown
Розвантажувальна система Зозуля 1-С,up_recruter_vest_mercenary
Розвантажувальна система Зозуля 1-С,up_recruter_vest_monolit
Розвантажувальна система Зозуля 1-С,up_recruter_vest_science
Броня СЕВА,up_seva_vest_brown
Броня СЕВА,up_seva_vest_browndark
Броня СЕВА,up_seva_vest_camo
Броня СЕВА,up_seva_vest_clearsky
Броня СЕВА,up_seva_vest_dark
Броня СЕВА,up_seva_vest_duty
Броня СЕВА,up_seva_vest_freedom
Броня СЕВА,up_seva_vest_green
Броня СЕВА,up_seva_vest_greendark
Броня СЕВА,up_seva_vest_grey
Броня СЕВА,up_seva_vest_mercenary
Броня СЕВА,up_seva_vest_monolit
Броня СЕВА,up_seva_vest_science
,
,
,
,
,
,
,
,
,
,
,
,
,
,
,
,
,
,
,
,
,
,
,
,
,
,
Пояса,
Шкiряний ремiнь Берил,up_beryl_belt
Шкiряний ремiнь ЧН-3а ,up_clearsky_ch3_belt_Dark
Шкiряний ремiнь ЧН-3а ,up_clearsky_ch3_belt_Darkblue
Шкiряний ремiнь ЧН-3а ,up_clearsky_ch3_belt_Green
Шкiряний ремiнь ЧН-3а ,up_clearsky_ch3_belt_Grey
Шкiряний ремiнь ЧН-3а ,up_clearsky_ch3_belt_brown
Шкiряний ремiнь ЧН-3а ,up_clearsky_ch3_belt_clearsky
Шкiряний ремiнь ВБ ,up_exo_belt_bandit
Шкiряний ремiнь ВБ ,up_exo_belt_brown
Шкiряний ремiнь ВБ ,up_exo_belt_clearsky
Шкiряний ремiнь ВБ ,up_exo_belt_dark
Шкiряний ремiнь ВБ ,up_exo_belt_duty
Шкiряний ремiнь ВБ ,up_exo_belt_freedom
Шкiряний ремiнь ВБ ,up_exo_belt_green
Шкiряний ремiнь ВБ ,up_exo_belt_green_brown
Шкiряний ремiнь ВБ ,up_exo_belt_grey
Шкiряний ремiнь ВБ ,up_exo_belt_mercenary
Шкiряний ремiнь ВБ ,up_exo_belt_military
Шкiряний ремiнь ВБ ,up_exo_belt_monolit
Шкiряний ремiнь Нюхач ,up_nyhach_belt_blue
Шкiряний ремiнь Нюхач ,up_nyhach_belt_brown
Шкiряний ремiнь Нюхач ,up_nyhach_belt_dark
Шкiряний ремiнь Нюхач ,up_nyhach_belt_duty
Шкiряний ремiнь Нюхач ,up_nyhach_belt_freedom
Шкiряний ремiнь Нюхач ,up_nyhach_belt_green
Шкiряний ремiнь ССП ,up_ssp_belt
Кожанный ремень Комплекта КС,up_stalker_cs_Belt
Ремiнь Схiд,up_stalker_east_belt_1
Шкiряний ремiнь Зорі ,up_stalker_zorya_belt_blue
Шкiряний ремiнь Зорі ,up_stalker_zorya_belt_brown
Шкiряний ремiнь Зорі ,up_stalker_zorya_belt_camo_brown
Шкiряний ремiнь Зорі ,up_stalker_zorya_belt_camo_green
Шкiряний ремiнь Зорі ,up_stalker_zorya_belt_dark
Шкiряний ремiнь Зорі ,up_stalker_zorya_belt_green
,
,
,
,
,
,
,
,
,
Штаны,
Штаны Берилл,SFM_BerilPants_Dolg1
Штаны Берилл,SFM_BerilPants_Monolit1
Штаны Берилл,SFM_BerilPants_Monolit2
Штаны Берилл,SFM_BerilPants_Stalker
Штаны Берилл,SFM_BerilPants_Svoboda1
Штаны Берилл,SFM_BerilPants_Voen1
Штаны костюма Ветер Свободы,SFM_WFPants_Monolit1
Штаны костюма Ветер Свободы,SFM_WFPants_Monolit2
Штаны костюма Ветер Свободы,SFM_WFPants_Naem1
Штаны костюма Ветер Свободы,SFM_WFPants_Naem2
Штаны костюма Ветер Свободы,SFM_WFPants_Stalker
Штаны костюма Ветер Свободы,SFM_WFPants_Svoboda1
Зимние штаны,SFM_WinterPants_1
Зимние штаны,SFM_WinterPants_2
Зимние штаны,SFM_WinterPants_3
Зимние штаны,SFM_WinterPants_4
Зимние штаны,SFM_WinterPants_CS1
Зимние штаны,SFM_WinterPants_Monolit1
Зимние штаны,SFM_WinterPants_Naem1
Зимние штаны,SFM_WinterPants_Neitral1
Зимние штаны,SFM_WinterPants_Svoboda1
Зимние штаны,SFM_WinterPants_Voen1
Штани комплекта БНДТ-21 (Боря-Натаха-Дiмон-Танюха),up_bandit_sas_pants_blue
Штани комплекта БНДТ-21 (Боря-Натаха-Дiмон-Танюха),up_bandit_sas_pants_blue_camo
Штани комплекта БНДТ-21 (Боря-Натаха-Дiмон-Танюха),up_bandit_sas_pants_brown
Штани комплекта БНДТ-21 (Боря-Натаха-Дiмон-Танюха),up_bandit_sas_pants_dark
Штани комплекта БНДТ-21 (Боря-Натаха-Дiмон-Танюха),up_bandit_sas_pants_green
Штани комплекта БНДТ-21 (Боря-Натаха-Дiмон-Танюха),up_bandit_sas_pants_grey
Штани комплекту Берил,up_beryl_pants_1_bandit
Штани комплекту Берил,up_beryl_pants_1_dark
Штани комплекту Берил,up_beryl_pants_1_freedom
Штани комплекту Берил,up_beryl_pants_1_grey
Штани комплекту Берил,up_beryl_pants_1_greypixel
Штани комплекту Берил,up_beryl_pants_1_mm14
Штани комплекту Берил,up_beryl_pants_1_sop
Штани комплекту Берил,up_beryl_pants_1_stalker
Штани комплекту Берил,up_beryl_pants_2_dark
Штани комплекту Берил,up_beryl_pants_2_freedom
Штани комплекту Берил,up_beryl_pants_2_mm14
Штани комплекту Берил,up_beryl_pants_2_sop
Штани комплекту Берил,up_beryl_pants_2_stalker
Штани ЧН-1,up_clearsky_ch1_pants_brown
Штани ЧН-1,up_clearsky_ch1_pants_camo1
Штани ЧН-1,up_clearsky_ch1_pants_camo2
Штани ЧН-1,up_clearsky_ch1_pants_cs1
Штани ЧН-1,up_clearsky_ch1_pants_dark
Штани ЧН-1,up_clearsky_ch1_pants_grey
Штани ЧН-3б,up_clearsky_ch2_pants_BrownCamo
Штани ЧН-3б,up_clearsky_ch2_pants_ClearSky
Штани ЧН-3б,up_clearsky_ch2_pants_DarkBlue
Штани ЧН-3б,up_clearsky_ch2_pants_GreenCamo1
Штани ЧН-3б,up_clearsky_ch2_pants_GreenCamo2
Штани ЧН-3б,up_clearsky_ch2_pants_Grey
Штани ЧН-3б,up_clearsky_ch2_pants_brown
Штани ЧН-3б,up_clearsky_ch2_pants_dark
Штани ЧН-3б,up_clearsky_ch2_pants_green
Штани ЧН-3а,up_clearsky_ch3_pants_BrownCamo
Штани ЧН-3а,up_clearsky_ch3_pants_ClearSky
Штани ЧН-3а,up_clearsky_ch3_pants_Dark
Штани ЧН-3а,up_clearsky_ch3_pants_Darkblue
Штани ЧН-3а,up_clearsky_ch3_pants_Green
Штани ЧН-3а,up_clearsky_ch3_pants_GreenCamo1
Штани ЧН-3а,up_clearsky_ch3_pants_GreenCamo2
Штани ЧН-3а,up_clearsky_ch3_pants_Grey
Штани ЧН-3а,up_clearsky_ch3_pants_brown
Штаны комплекта «КС»,up_stalker_cs_Pants_dark
Штаны комплекта «КС»,up_stalker_cs_Pants_green
Штаны комплекта «КС»,up_stalker_cs_Pants_green_brown_camo
Штаны комплекта «КС»,up_stalker_cs_Pants_green_white_camo
Штаны комплекта «КС»,up_stalker_cs_Pants_yellow
Штани комплекту ВБ,up_exo_pants_bandit
Штани комплекту ВБ,up_exo_pants_brown
Штани комплекту ВБ,up_exo_pants_clearsky
Штани комплекту ВБ,up_exo_pants_dark
Штани комплекту ВБ,up_exo_pants_duty
Штани комплекту ВБ,up_exo_pants_freedom
Штани комплекту ВБ,up_exo_pants_green
Штани комплекту ВБ,up_exo_pants_green_brown
Штани комплекту ВБ,up_exo_pants_grey
Штани комплекту ВБ,up_exo_pants_mercenary
Штани комплекту ВБ,up_exo_pants_military
Штани комплекту ВБ,up_exo_pants_monolit
Штани комплекту Новачка,up_novace_pants_bandit
Штани комплекту Новачка,up_novace_pants_brown
Штани комплекту Новачка,up_novace_pants_browndark
Штани комплекту Новачка,up_novace_pants_clearsky
Штани комплекту Новачка,up_novace_pants_dark
Штани комплекту Новачка,up_novace_pants_duty
Штани комплекту Новачка,up_novace_pants_freedom
Штани комплекту Новачка,up_novace_pants_green
Штани комплекту Новачка,up_novace_pants_greendark
Штани комплекту Новачка,up_novace_pants_grey
Штани комплекту Новачка,up_novace_pants_monolit
Штани Нюхач,up_nyhach_pants_blue
Штани Нюхач,up_nyhach_pants_brown
Штани Нюхач,up_nyhach_pants_dark
Штани Нюхач,up_nyhach_pants_duty
Штани Нюхач,up_nyhach_pants_freedom
Штани Нюхач,up_nyhach_pants_green
Штани комплекту ПСМ,up_psm_pants_dark
Штани комплекту ПСМ,up_psm_pants_duty
Штани комплекту ПСМ,up_psm_pants_freedom
Штани комплекту ПСМ,up_psm_pants_green
Штани комплекту ПСМ,up_psm_pants_monolit
Штани комплекту ПСМ,up_psm_pants_stalker
Штани комплекту Зозуля 1-С,up_recruter_pants_brown
Штани комплекту Зозуля 1-С,up_recruter_pants_camo
Штани комплекту Зозуля 1-С,up_recruter_pants_clearsky
Штани комплекту Зозуля 1-С,up_recruter_pants_dark
Штани комплекту Зозуля 1-С,up_recruter_pants_duty
Штани комплекту Зозуля 1-С,up_recruter_pants_freedom
Штани комплекту Зозуля 1-С,up_recruter_pants_green
Штани комплекту Зозуля 1-С,up_recruter_pants_greendark
Штани комплекту Зозуля 1-С,up_recruter_pants_grey
Штани комплекту Зозуля 1-С,up_recruter_pants_greybrown
Штани комплекту Зозуля 1-С,up_recruter_pants_mercenary
Штани комплекту Зозуля 1-С,up_recruter_pants_monolit
Штани комплекту Зозуля 1-С,up_recruter_pants_science
Штани комплекту СЕВА,up_seva_pants_bandit
Штани комплекту СЕВА,up_seva_pants_brown
Штани комплекту СЕВА,up_seva_pants_browndark
Штани комплекту СЕВА,up_seva_pants_camo
Штани комплекту СЕВА,up_seva_pants_clearsky
Штани комплекту СЕВА,up_seva_pants_dark
Штани комплекту СЕВА,up_seva_pants_duty
Штани комплекту СЕВА,up_seva_pants_freedom
Штани комплекту СЕВА,up_seva_pants_green
Штани комплекту СЕВА,up_seva_pants_greendark
Штани комплекту СЕВА,up_seva_pants_grey
Штани комплекту СЕВА,up_seva_pants_mercenary
Штани комплекту СЕВА,up_seva_pants_monolit
Штани комплекту СЕВА,up_seva_pants_science
Штани комплекту CCП,up_ssp_pants_blue
Штани комплекту CCП,up_ssp_pants_green
Штани комплекту CCП,up_ssp_pants_orange
Штани комплекту CCП,up_ssp_pants_white
Штани Схiд»,up_stalker_east_pants_1_blue
Штани Схiд»,up_stalker_east_pants_1_brown
Штани Схiд»,up_stalker_east_pants_1_camo1
Штани Схiд»,up_stalker_east_pants_1_camo2
Штани Схiд»,up_stalker_east_pants_1_dark
Штани Схiд»,up_stalker_east_pants_1_dark_camo
Штани Схiд»,up_stalker_east_pants_1_green
Штани Схiд»,up_stalker_east_pants_1_green_camo
Штани Схiд»,up_stalker_east_pants_1_green_dark
Штани Схiд»,up_stalker_east_pants_1_grey
Штани Зорi»,up_stalker_zorya_pants_2_bandit
Штани Зорi»,up_stalker_zorya_pants_2_blue
Штани Зорi»,up_stalker_zorya_pants_2_brown
Штани Зорi»,up_stalker_zorya_pants_2_camo_brown
Штани Зорi»,up_stalker_zorya_pants_2_camo_green
Штани Зорi»,up_stalker_zorya_pants_2_dark
Штани Зорi»,up_stalker_zorya_pants_2_green
Штани Зорi»,up_stalker_zorya_pants_2_grey
Штани Зорi»,up_stalker_zorya_pants_2_military
Штани комплекту УКС,up_univercalset_pants_ClearSky
Штани комплекту УКС,up_univercalset_pants_GreenDark
Штани комплекту УКС,up_univercalset_pants_GreyBrown
Штани комплекту УКС,up_univercalset_pants_bandit
Штани комплекту УКС,up_univercalset_pants_dark
Штани комплекту УКС,up_univercalset_pants_duty
Штани комплекту УКС,up_univercalset_pants_freedom
Штани комплекту УКС,up_univercalset_pants_freedom2
Штани комплекту УКС,up_univercalset_pants_green
Штани комплекту УКС,up_univercalset_pants_grey
Штани комплекту УКС,up_univercalset_pants_mercenary
Штани комплекту УКС,up_univercalset_pants_monolit
Штани комплекту УКС,up_univercalset_pants_science
,
,
,
,
,
,
,
,
,
,
Обувь,
Черевики ЧН-3б,up_clearsky_ch2_boots
Черевики ВБ,up_exo_boots_bandit
Черевики ВБ,up_exo_boots_brown
Черевики ВБ,up_exo_boots_clearsky
Черевики ВБ,up_exo_boots_dark
Черевики ВБ,up_exo_boots_duty
Черевики ВБ,up_exo_boots_freedom
Черевики ВБ,up_exo_boots_green
Черевики ВБ,up_exo_boots_green_brown
Черевики ВБ,up_exo_boots_grey
Черевики ВБ,up_exo_boots_mercenary
Черевики ВБ,up_exo_boots_military
Черевики ВБ,up_exo_boots_monolit
Черевики ПСМ,up_psm_boots_dark
Черевики ПСМ,up_psm_boots_duty
Черевики ПСМ,up_psm_boots_freedom
Черевики ПСМ,up_psm_boots_green
Черевики ПСМ,up_psm_boots_monolit
Черевики ПСМ,up_psm_boots_stalker
Черевики СЕВА,up_seva_boots_brown
Черевики СЕВА,up_seva_boots_browndark
Черевики СЕВА,up_seva_boots_camo
Черевики СЕВА,up_seva_boots_clearsky
Черевики СЕВА,up_seva_boots_dark
Черевики СЕВА,up_seva_boots_duty
Черевики СЕВА,up_seva_boots_freedom
Черевики СЕВА,up_seva_boots_green
Черевики СЕВА,up_seva_boots_greendark
Черевики СЕВА,up_seva_boots_grey
Черевики СЕВА,up_seva_boots_mercenary
Черевики СЕВА,up_seva_boots_monolit
Черевики СЕВА,up_seva_boots_science
Черевики ССП,up_ssp_boots_blue
Черевики ССП,up_ssp_boots_green
Черевики ССП,up_ssp_boots_orange
Черевики ССП,up_ssp_boots_white
,
,
,
,
,
,
,
,
,
,
,
,
,
,
,
,
,
,
,
,
,
,
,
Перчатки,
Перчатки ВБ,up_exo_gloves_bandit
Перчатки ВБ,up_exo_gloves_brown
Перчатки ВБ,up_exo_gloves_clearsky
Перчатки ВБ,up_exo_gloves_dark
Перчатки ВБ,up_exo_gloves_duty
Перчатки ВБ,up_exo_gloves_freedom
Перчатки ВБ,up_exo_gloves_green
Перчатки ВБ,up_exo_gloves_green_brown
Перчатки ВБ,up_exo_gloves_grey
Перчатки ВБ,up_exo_gloves_mercenary
Перчатки ВБ,up_exo_gloves_military
Перчатки ВБ,up_exo_gloves_monolit
Перчатки ПСМ,up_psm_gloves_dark
Перчатки ПСМ,up_psm_gloves_duty
Перчатки ПСМ,up_psm_gloves_freedom
Перчатки ПСМ,up_psm_gloves_green
Перчатки ПСМ,up_psm_gloves_monolit
Перчатки ПСМ,up_psm_gloves_stalker
Перчатки Зозуля 1-С,up_recruter_gloves_brown
Перчатки Зозуля 1-С,up_recruter_gloves_camo
Перчатки Зозуля 1-С,up_recruter_gloves_clearsky
Перчатки Зозуля 1-С,up_recruter_gloves_dark
Перчатки Зозуля 1-С,up_recruter_gloves_duty
Перчатки Зозуля 1-С,up_recruter_gloves_freedom
Перчатки Зозуля 1-С,up_recruter_gloves_green
Перчатки Зозуля 1-С,up_recruter_gloves_greendark
Перчатки Зозуля 1-С,up_recruter_gloves_grey
Перчатки Зозуля 1-С,up_recruter_gloves_greybrown
Перчатки Зозуля 1-С,up_recruter_gloves_mercenary
Перчатки Зозуля 1-С,up_recruter_gloves_monolit
Перчатки Зозуля 1-С,up_recruter_gloves_science
Перчатки СЕВА,up_seva_gloves_brown
Перчатки СЕВА,up_seva_gloves_browndark
Перчатки СЕВА,up_seva_gloves_camo
Перчатки СЕВА,up_seva_gloves_clearsky
Перчатки СЕВА,up_seva_gloves_dark
Перчатки СЕВА,up_seva_gloves_duty
Перчатки СЕВА,up_seva_gloves_freedom
Перчатки СЕВА,up_seva_gloves_green
Перчатки СЕВА,up_seva_gloves_greendark
Перчатки СЕВА,up_seva_gloves_grey
Перчатки СЕВА,up_seva_gloves_mercenary
Перчатки СЕВА,up_seva_gloves_monolit
Перчатки СЕВА,up_seva_gloves_science
Перчатки ССП,up_ssp_gloves_blue
Перчатки ССП,up_ssp_gloves_green
Перчатки ССП,up_ssp_gloves_orange
Перчатки ССП,up_ssp_gloves_white
Перчатки КС,up_stalker_cs_gloves_dark
Перчатки КС,up_stalker_cs_gloves_green
Перчатки КС,up_stalker_cs_gloves_green_brown_camo
Перчатки КС,up_stalker_cs_gloves_green_white_camo
Перчатки КС,up_stalker_cs_gloves_yellow
,
,
,
,
,
,
,
,
,
,
,
,
,
,
,
Модули на бронежилеты,
Пiдсумок БНДТ-21,up_bandit_sas_pouches1_vest_dark
Пiдсумок БНДТ-21,up_bandit_sas_pouches1_vest_grey
Пiдсумок БНДТ-21,up_bandit_sas_pouches1_vest_yellow_camo
Пiдсумок БНДТ,up_bandit_sas_pouches2_vest_dark
Пiдсумок БНДТ,up_bandit_sas_pouches2_vest_grey
Пiдсумок БНДТ,up_bandit_sas_pouches2_vest_yellow_camo
Пiдсумок БНДТ-21 на спину,up_bandit_sas_pouches3_vest_dark
Пiдсумок БНДТ-21 на спину,up_bandit_sas_pouches3_vest_grey
Пiдсумок БНДТ-21 на спину,up_bandit_sas_pouches3_vest_yellow_camo
Пiдсумок ЧН-1,up_clearsky_ch1_pouch_vest_brown
Пiдсумок ЧН-1,up_clearsky_ch1_pouch_vest_camo1
Пiдсумок ЧН-1,up_clearsky_ch1_pouch_vest_camo2
Пiдсумок ЧН-1,up_clearsky_ch1_pouch_vest_cs1
Пiдсумок ЧН-1,up_clearsky_ch1_pouch_vest_dark
Пiдсумок ЧН-1,up_clearsky_ch1_pouch_vest_grey
Пiдсумок Берил,up_beryl_pouches_belt_dark
Пiдсумок Берил,up_beryl_pouches_belt_freedom
Пiдсумок Берил,up_beryl_pouches_belt_mm14
Пiдсумок Берил,up_beryl_pouches_belt_sop
Пiдсумок Берил,up_beryl_pouches_belt_stalker
Пiдсумок Берил,up_beryl_pouches_vest_1_dark
Пiдсумок Берил,up_beryl_pouches_vest_1_freedom
Пiдсумок Берил,up_beryl_pouches_vest_1_mm14
Пiдсумок Берил,up_beryl_pouches_vest_1_sop
Пiдсумок Берил,up_beryl_pouches_vest_1_stalker
Пiдсумок Берил,up_beryl_pouches_vest_3_dark
Пiдсумок Берил,up_beryl_pouches_vest_3_freedom
Пiдсумок Берил,up_beryl_pouches_vest_3_mm14
Пiдсумок Берил,up_beryl_pouches_vest_3_sop
Пiдсумок Берил,up_beryl_pouches_vest_3_stalker
Пiдсумок ЧН-3б,up_clearsky_ch2_pounch_vest_brown
Пiдсумок ЧН-3б,up_clearsky_ch2_pounch_vest_dark
Пiдсумок ЧН-3б,up_clearsky_ch2_pounch_vest_green
Пiдсумок ВБ,up_exo_pouches_vest_bandit
Пiдсумок ВБ,up_exo_pouches_vest_brown
Пiдсумок ВБ,up_exo_pouches_vest_clearsky
Пiдсумок ВБ,up_exo_pouches_vest_dark
Пiдсумок ВБ,up_exo_pouches_vest_duty
Пiдсумок ВБ,up_exo_pouches_vest_freedom
Пiдсумок ВБ,up_exo_pouches_vest_green
Пiдсумок ВБ,up_exo_pouches_vest_green_brown
Пiдсумок ВБ,up_exo_pouches_vest_grey
Пiдсумок ВБ,up_exo_pouches_vest_mercenary
Пiдсумок ВБ,up_exo_pouches_vest_military
Пiдсумок ВБ,up_exo_pouches_vest_monolit
Пiдсумок Нюхач,up_nyhach_pouch1_vest_blue
Пiдсумок Нюхач,up_nyhach_pouch1_vest_brown
Пiдсумок Нюхач,up_nyhach_pouch1_vest_dark
Пiдсумок Нюхач,up_nyhach_pouch1_vest_duty
Пiдсумок Нюхач,up_nyhach_pouch1_vest_freedom
Пiдсумок Нюхач,up_nyhach_pouch1_vest_green
Пiдсумок Нюхач,up_nyhach_pouch_vest_blue
Пiдсумок Нюхач,up_nyhach_pouch_vest_brown
Пiдсумок Нюхач,up_nyhach_pouch_vest_dark
Пiдсумок Нюхач,up_nyhach_pouch_vest_duty
Пiдсумок Нюхач,up_nyhach_pouch_vest_freedom
Пiдсумок Нюхач,up_nyhach_pouch_vest_green
Пiдсумок ПСМ,up_psm_pouches_vest_dark
Пiдсумок ПСМ,up_psm_pouches_vest_duty
Пiдсумок ПСМ,up_psm_pouches_vest_freedom
Пiдсумок ПСМ,up_psm_pouches_vest_green
Пiдсумок ПСМ,up_psm_pouches_vest_monolit
Пiдсумок ПСМ,up_psm_pouches_vest_stalker
Пiдсумок реміня Зарi,up_stalker_zorya_pouch_belt_2_blue
Пiдсумок реміня Зарi,up_stalker_zorya_pouch_belt_2_brown
Пiдсумок реміня Зарi,up_stalker_zorya_pouch_belt_2_camo_brown
Пiдсумок реміня Зарi,up_stalker_zorya_pouch_belt_2_camo_green
Пiдсумок реміня Зарi,up_stalker_zorya_pouch_belt_2_dark
Пiдсумок реміня Зарi,up_stalker_zorya_pouch_belt_2_green
Пiдсумок реміня Зарi,up_stalker_zorya_pouch_belt_2_grey
Пiдсумок реміня Зарi,up_stalker_zorya_pouch_belt_2_military
Пiдсумок Зарi,up_stalker_zorya_pouch_vest_2_blue
Пiдсумок Зарi,up_stalker_zorya_pouch_vest_2_brown
Пiдсумок Зарi,up_stalker_zorya_pouch_vest_2_camo_brown
Пiдсумок Зарi,up_stalker_zorya_pouch_vest_2_camo_green
Пiдсумок Зарi,up_stalker_zorya_pouch_vest_2_dark
Пiдсумок Зарi,up_stalker_zorya_pouch_vest_2_green
Пiдсумок Зарi,up_stalker_zorya_pouch_vest_2_grey
Пiдсумок Зарi,up_stalker_zorya_pouch_vest_2_military
Підсумок УКС,up_univercalset_pouches1_vest_ClearSky
Підсумок УКС,up_univercalset_pouches1_vest_dark
Підсумок УКС,up_univercalset_pouches1_vest_duty
Підсумок УКС,up_univercalset_pouches1_vest_freedom
Підсумок УКС,up_univercalset_pouches1_vest_freedom2
Підсумок УКС,up_univercalset_pouches1_vest_green
Підсумок УКС,up_univercalset_pouches1_vest_grey
Підсумок УКС,up_univercalset_pouches1_vest_monolit
Підсумок УКС,up_univercalset_pouches1_vest_science
Підсумок УКС,up_univercalset_pouches2_vest_ClearSky
Підсумок УКС,up_univercalset_pouches2_vest_dark
Підсумок УКС,up_univercalset_pouches2_vest_duty
Підсумок УКС,up_univercalset_pouches2_vest_freedom
Підсумок УКС,up_univercalset_pouches2_vest_freedom2
Підсумок УКС,up_univercalset_pouches2_vest_green
Підсумок УКС,up_univercalset_pouches2_vest_grey
Підсумок УКС,up_univercalset_pouches2_vest_monolit
Підсумок УКС,up_univercalset_pouches2_vest_science
,
,
,
,
,
,
,
,
,
,
,
,
,
,
Рюкзаки,
Рюказак Берил,up_beryl_backpack_dark
Рюказак Берил,up_beryl_backpack_freedom
Рюказак Берил,up_beryl_backpack_mm14
Рюказак Берил,up_beryl_backpack_sop
Рюказак Берил,up_beryl_backpack_stalker
Рюказак ЧН-3б,up_clearsky_ch2_backpack_BrownCamo
Рюказак ЧН-3б,up_clearsky_ch2_backpack_ClearSky
Рюказак ЧН-3б,up_clearsky_ch2_backpack_DarkBlue
Рюказак ЧН-3б,up_clearsky_ch2_backpack_GreenCamo1
Рюказак ЧН-3б,up_clearsky_ch2_backpack_GreenCamo2
Рюказак ЧН-3б,up_clearsky_ch2_backpack_Grey
Рюказак ЧН-3б,up_clearsky_ch2_backpack_dark
Рюказак ЧН-3б,up_clearsky_ch2_backpack_green
Рюказак ЧН-3а,up_clearsky_ch3_backpack_BrownCamo
Рюказак ЧН-3а,up_clearsky_ch3_backpack_ClearSky
Рюказак ЧН-3а,up_clearsky_ch3_backpack_Dark
Рюказак ЧН-3а,up_clearsky_ch3_backpack_Darkblue
Рюказак ЧН-3а,up_clearsky_ch3_backpack_Green
Рюказак ЧН-3а,up_clearsky_ch3_backpack_GreenCamo1
Рюказак ЧН-3а,up_clearsky_ch3_backpack_GreenCamo2
Рюказак ЧН-3а,up_clearsky_ch3_backpack_Grey
Рюказак ЧН-3а,up_clearsky_ch3_backpack_brown
Рюказак Екзоскилета,up_exo_backpack_bandit
Рюказак Екзоскилета,up_exo_backpack_brown
Рюказак Екзоскилета,up_exo_backpack_clearsky
Рюказак Екзоскилета,up_exo_backpack_dark
Рюказак Екзоскилета,up_exo_backpack_duty
Рюказак Екзоскилета,up_exo_backpack_freedom
Рюказак Екзоскилета,up_exo_backpack_green
Рюказак Екзоскилета,up_exo_backpack_green_brown
Рюказак Екзоскилета,up_exo_backpack_grey
Рюказак Екзоскилета,up_exo_backpack_mercenary
Рюказак Екзоскилета,up_exo_backpack_military
Рюказак Екзоскилета,up_exo_backpack_monolit
Рюказак ПСМ,up_psm_backpack_dark
Рюказак ПСМ,up_psm_backpack_duty
Рюказак ПСМ,up_psm_backpack_freedom
Рюказак ПСМ,up_psm_backpack_green
Рюказак ПСМ,up_psm_backpack_monolit
Рюказак ПСМ,up_psm_backpack_stalker
Система тримання Зозуля 1-С,up_recruter_gasbox_brown
Система тримання Зозуля 1-С,up_recruter_gasbox_camo
Система тримання Зозуля 1-С,up_recruter_gasbox_clearsky
Система тримання Зозуля 1-С,up_recruter_gasbox_dark
Система тримання Зозуля 1-С,up_recruter_gasbox_duty
Система тримання Зозуля 1-С,up_recruter_gasbox_freedom
Система тримання Зозуля 1-С,up_recruter_gasbox_green
Система тримання Зозуля 1-С,up_recruter_gasbox_greendark
Система тримання Зозуля 1-С,up_recruter_gasbox_grey
Система тримання Зозуля 1-С,up_recruter_gasbox_greybrown
Система тримання Зозуля 1-С,up_recruter_gasbox_mercenary
Система тримання Зозуля 1-С,up_recruter_gasbox_monolit
Система тримання Зозуля 1-С,up_recruter_gasbox_science
Система СЕВА,up_seva_gasbox_bandit
Система СЕВА,up_seva_gasbox_brown
Система СЕВА,up_seva_gasbox_browndark
Система СЕВА,up_seva_gasbox_camo
Система СЕВА,up_seva_gasbox_clearsky
Система СЕВА,up_seva_gasbox_dark
Система СЕВА,up_seva_gasbox_duty
Система СЕВА,up_seva_gasbox_freedom
Система СЕВА,up_seva_gasbox_green
Система СЕВА,up_seva_gasbox_greendark
Система СЕВА,up_seva_gasbox_grey
Система СЕВА,up_seva_gasbox_mercenary
Система СЕВА,up_seva_gasbox_monolit
Система СЕВА,up_seva_gasbox_science
Рюказак Зорі,up_stalker_zorya_backpack_blue
Рюказак Зорі,up_stalker_zorya_backpack_brown
Рюказак Зорі,up_stalker_zorya_backpack_camo_brown
Рюказак Зорі,up_stalker_zorya_backpack_camo_green
Рюказак Зорі,up_stalker_zorya_backpack_dark
Рюказак Зорі,up_stalker_zorya_backpack_green
Рюказак Зорі,up_stalker_zorya_backpack_grey
Рюказак Зорі,up_stalker_zorya_backpack_military
Рюказак УКС,up_univercalset_backpack_ClearSky
Рюказак УКС,up_univercalset_backpack_GreenDark
Рюказак УКС,up_univercalset_backpack_GreyBrown
Рюказак УКС,up_univercalset_backpack_bandit
Рюказак УКС,up_univercalset_backpack_dark
Рюказак УКС,up_univercalset_backpack_duty
Рюказак УКС,up_univercalset_backpack_freedom
Рюказак УКС,up_univercalset_backpack_freedom2
Рюказак УКС,up_univercalset_backpack_green
Рюказак УКС,up_univercalset_backpack_grey
Рюказак УКС,up_univercalset_backpack_mercenary
Рюказак УКС,up_univercalset_backpack_monolit
Рюказак УКС,up_univercalset_backpack_science
,
,
,
,
,
,
,
,
,
,
,
Остальное,
Ліхтар шолому «Берил»,up_beryl_helmet_flashlight_dark
Ліхтар шолому «Берил»,up_beryl_helmet_flashlight_freedom
Ліхтар шолому «Берил»,up_beryl_helmet_flashlight_mm14
Ліхтар шолому «Берил»,up_beryl_helmet_flashlight_sop
Ліхтар шолому «Берил»,up_beryl_helmet_flashlight_stalker
Накидка до куртки ЧН-3а,up_clearsky_ch3_cloak_BrownCamo
Накидка до куртки ЧН-3а,up_clearsky_ch3_cloak_ClearSky
Накидка до куртки ЧН-3а,up_clearsky_ch3_cloak_Dark
Накидка до куртки ЧН-3а,up_clearsky_ch3_cloak_Darkblue
Накидка до куртки ЧН-3а,up_clearsky_ch3_cloak_Green
Накидка до куртки ЧН-3а,up_clearsky_ch3_cloak_GreenCamo1
Накидка до куртки ЧН-3а,up_clearsky_ch3_cloak_GreenCamo2
Накидка до куртки ЧН-3а,up_clearsky_ch3_cloak_Grey
Накидка до куртки ЧН-3а,up_clearsky_ch3_cloak_brown
Пояснi сумки «КС» Синi,up_stalker_cs_belt_pouches_blue
Пояснi сумки «КС» Чорнi,up_stalker_cs_belt_pouches_dark
Пояснi сумки «КС» Зелено-камуфляжнi,up_stalker_cs_belt_pouches_green_camo
Пояснi сумки «КС» Зелено-чорнi,up_stalker_cs_belt_pouches_green_dark
Пояснi сумки «КС» Бiло-камуфляжнi,up_stalker_cs_belt_pouches_white_camo
Пояснi сумки «Схiд»,up_stalker_east_belt_pouches_blue
Пояснi сумки «Схiд»,up_stalker_east_belt_pouches_brown
Пояснi сумки «Схiд»,up_stalker_east_belt_pouches_camo1
Пояснi сумки «Схiд»,up_stalker_east_belt_pouches_camo2
Пояснi сумки «Схiд»,up_stalker_east_belt_pouches_dark
Пояснi сумки «Схiд»,up_stalker_east_belt_pouches_green
Пояснi сумки «Схiд»,up_stalker_east_belt_pouches_green_dark
Пояснi сумки «Схiд»,up_stalker_east_belt_pouches_grey
Екзоскелет,up_exo_bandit
Екзоскелет,up_exo_brown
Екзоскелет,up_exo_clearsky
Екзоскелет,up_exo_dark
Екзоскелет,up_exo_duty
Екзоскелет,up_exo_freedom
Екзоскелет,up_exo_green
Екзоскелет,up_exo_green_brown
Екзоскелет,up_exo_grey
Екзоскелет,up_exo_mercenary
Екзоскелет,up_exo_military
Екзоскелет,up_exo_monolit
Тубус ЧЛН-1,up_gasmask_Container
Тубус ЧЛН-1,up_gasmask_Container_back
Пiдсумок реміня Нюхач,up_nyhach_pouch_belt_blue
Пiдсумок реміня Нюхач,up_nyhach_pouch_belt_brown
Пiдсумок реміня Нюхач,up_nyhach_pouch_belt_dark
Пiдсумок реміня Нюхач,up_nyhach_pouch_belt_duty
Пiдсумок реміня Нюхач,up_nyhach_pouch_belt_freedom
Пiдсумок реміня Нюхач,up_nyhach_pouch_belt_green